仓库名,activity.json数据
jOOQ/jOOQ,"{'2015': 478.66, '2016': 533.1, '2017': 739.06, '2018': 795.17, '2019': 986.89, '2020': 977.95, '2021': 950.82, '2022': 962.95, '2023': 890.56, '2024': 777.8, '2015-01': 42.96, '2015-02': 42.64, '2015-03': 31.85, '2015-04': 48.95, '2015-05': 39.17, '2015-06': 32.34, '2015-07': 37.32, '2015-08': 27.14, '2015-09': 50.9, '2015-10': 47.25, '2015-11': 37.87, '2015-12': 40.26, '2016-01': 48.75, '2016-02': 40.85, '2016-03': 33.43, '2016-04': 45.46, '2016-05': 46.15, '2016-06': 58.91, '2016-07': 54.65, '2016-08': 41.93, '2016-09': 36.66, '2016-10': 41.34, '2016-11': 37.84, '2016-12': 47.13, '2017-01': 48, '2017-02': 66.48, '2017-03': 65.43, '2017-04': 53.77, '2017-05': 69.24, '2017-06': 49.45, '2017-07': 72.3, '2017-08': 47.91, '2017-09': 45.92, '2017-10': 77.67, '2017-11': 68.19, '2017-12': 74.7, '2018-01': 84.26, '2018-02': 58.37, '2018-03': 95.13, '2018-04': 59.22, '2018-05': 58.31, '2018-06': 75.27, '2018-07': 64.58, '2018-08': 77.4, '2018-09': 41.16, '2018-10': 59.15, '2018-11': 67.12, '2018-12': 55.21, '2019-01': 74.97, '2019-02': 53.59, '2019-03': 81.81, '2019-04': 83.03, '2019-05': 85.29, '2019-06': 70.41, '2019-07': 95.74, '2019-08': 105.11, '2019-09': 102.68, '2019-10': 85.28, '2019-11': 69.25, '2019-12': 79.71, '2020-01': 66.71, '2020-02': 84.58, '2020-03': 78.53, '2020-04': 81.83, '2020-05': 60.96, '2020-06': 75.64, '2020-07': 73.9, '2020-08': 63.94, '2020-09': 77.49, '2020-10': 96.92, '2020-11': 136.87, '2020-12': 80.6, '2021-01': 94.22, '2021-02': 99.49, '2021-03': 94.87, '2021-04': 46.71, '2021-05': 58.18, '2021-06': 86.11, '2021-07': 100.67, '2021-08': 77.95, '2021-09': 89.73, '2021-10': 82, '2021-11': 72.61, '2021-12': 89.84, '2022-01': 105.15, '2022-02': 108.45, '2022-03': 100.21, '2022-04': 67.64, '2022-05': 79.16, '2022-06': 72.68, '2022-07': 70.15, '2022-08': 81.93, '2022-09': 84.5, '2022-10': 63.1, '2022-11': 72.11, '2022-12': 57.86, '2023-01': 65.69, '2023-02': 89.11, '2023-03': 109.55, '2023-04': 66.7, '2023-05': 74.39, '2023-06': 78.98, '2023-07': 63.12, '2023-08': 66.84, '2023-09': 70.55, '2023-10': 66.77, '2023-11': 67.49, '2023-12': 71.37, '2024-01': 95.11, '2024-02': 82.96, '2024-03': 57.89, '2024-04': 65.28, '2024-05': 55.73, '2024-06': 68.24, '2024-07': 64.98, '2024-08': 73.53, '2024-09': 90.02, '2024-10': 60.77, '2024-11': 63.27, '2021-10-raw': 40.44, '2015Q1': 117.46, '2015Q2': 120.47, '2015Q3': 115.35, '2015Q4': 125.38, '2016Q1': 123.03, '2016Q2': 150.53, '2016Q3': 133.25, '2016Q4': 126.3, '2017Q1': 179.91, '2017Q2': 172.46, '2017Q3': 166.13, '2017Q4': 220.56, '2018Q1': 237.76, '2018Q2': 192.8, '2018Q3': 183.13, '2018Q4': 181.47, '2019Q1': 210.38, '2019Q2': 238.73, '2019Q3': 303.54, '2019Q4': 234.24, '2020Q1': 229.81, '2020Q2': 218.43, '2020Q3': 215.33, '2020Q4': 314.38, '2021Q1': 288.58, '2021Q2': 191, '2021Q3': 268.35, '2021Q4': 202.89, '2022Q1': 313.81, '2022Q2': 219.48, '2022Q3': 236.59, '2022Q4': 193.07, '2023Q1': 264.35, '2023Q2': 220.07, '2023Q3': 200.52, '2023Q4': 205.63, '2024Q1': 235.96, '2024Q2': 189.26, '2024Q3': 228.54, '2024Q4': 124.05}"
square/okio,"{'2015': 157.6, '2016': 220.07, '2017': 150.85, '2018': 323.85, '2019': 259.32, '2020': 312.57, '2021': 280.97, '2022': 169.24, '2023': 320.22, '2024': 229.98, '2015-01': 12.53, '2015-02': 21.54, '2015-03': 23.4, '2015-04': 17.6, '2015-05': 17.13, '2015-06': 13.23, '2015-07': 14.4, '2015-08': 11.98, '2015-09': 7.15, '2015-10': 3.92, '2015-11': 6.36, '2015-12': 8.36, '2016-01': 21.4, '2016-02': 29.89, '2016-03': 10.56, '2016-04': 29.17, '2016-05': 15.26, '2016-06': 19.51, '2016-07': 20.77, '2016-08': 26.69, '2016-09': 12.63, '2016-10': 14.33, '2016-11': 8.32, '2016-12': 11.55, '2017-01': 17.6, '2017-02': 17.42, '2017-03': 18.33, '2017-04': 20.45, '2017-05': 17.34, '2017-06': 1.66, '2017-07': 7.51, '2017-08': 5.62, '2017-09': 14.86, '2017-10': 1.02, '2017-11': 22.46, '2017-12': 6.58, '2018-01': 19.79, '2018-02': 38.8, '2018-03': 21.21, '2018-04': 46.55, '2018-05': 39.05, '2018-06': 15.12, '2018-07': 28.64, '2018-08': 25.13, '2018-09': 26.14, '2018-10': 28.91, '2018-11': 25.58, '2018-12': 8.94, '2019-01': 22.65, '2019-02': 4.96, '2019-03': 19.86, '2019-04': 50.91, '2019-05': 10.77, '2019-06': 22.99, '2019-07': 21.57, '2019-08': 28.43, '2019-09': 11.19, '2019-10': 23.19, '2019-11': 23.6, '2019-12': 19.2, '2020-01': 12.29, '2020-02': 19.29, '2020-03': 14.12, '2020-04': 7.35, '2020-05': 34.39, '2020-06': 22.76, '2020-07': 18.96, '2020-08': 29.59, '2020-09': 26.96, '2020-10': 33.51, '2020-11': 43.05, '2020-12': 50.3, '2021-01': 30.52, '2021-02': 28.39, '2021-03': 15.3, '2021-04': 26.56, '2021-05': 26.45, '2021-06': 28.26, '2021-07': 19.18, '2021-08': 23.27, '2021-09': 35.08, '2021-10': 25, '2021-11': 16.97, '2021-12': 18.76, '2022-01': 15.37, '2022-02': 14.65, '2022-03': 22.87, '2022-04': 10.57, '2022-05': 3.71, '2022-06': 15.48, '2022-07': 18.26, '2022-08': 28.72, '2022-09': 13.25, '2022-10': 4.49, '2022-11': 5.73, '2022-12': 16.15, '2023-01': 36.97, '2023-02': 25.75, '2023-03': 21.88, '2023-04': 13.58, '2023-05': 15.44, '2023-06': 29.23, '2023-07': 44.57, '2023-08': 33.66, '2023-09': 29.9, '2023-10': 27.88, '2023-11': 8.86, '2023-12': 32.51, '2024-01': 15.39, '2024-02': 39.62, '2024-03': 32.07, '2024-04': 23.35, '2024-05': 18.65, '2024-06': 13.98, '2024-07': 13.74, '2024-08': 18.01, '2024-09': 20.16, '2024-10': 20.3, '2024-11': 14.71, '2021-10-raw': 12.22, '2015Q1': 57.47, '2015Q2': 47.96, '2015Q3': 33.53, '2015Q4': 18.64, '2016Q1': 61.84, '2016Q2': 63.94, '2016Q3': 60.09, '2016Q4': 34.2, '2017Q1': 53.34, '2017Q2': 39.45, '2017Q3': 28, '2017Q4': 30.06, '2018Q1': 79.8, '2018Q2': 100.72, '2018Q3': 79.91, '2018Q4': 63.42, '2019Q1': 47.46, '2019Q2': 84.67, '2019Q3': 61.2, '2019Q4': 65.99, '2020Q1': 45.7, '2020Q2': 64.5, '2020Q3': 75.51, '2020Q4': 126.86, '2021Q1': 74.22, '2021Q2': 81.28, '2021Q3': 77.53, '2021Q4': 47.95, '2022Q1': 52.88, '2022Q2': 29.76, '2022Q3': 60.23, '2022Q4': 26.37, '2023Q1': 84.6, '2023Q2': 58.25, '2023Q3': 108.13, '2023Q4': 69.25, '2024Q1': 87.08, '2024Q2': 55.98, '2024Q3': 51.91, '2024Q4': 35.01}"
alibaba/fastjson2,"{'2022': 1321.61, '2023': 1475.03, '2024': 1231.51, '2022-04': 110.32, '2022-05': 283.45, '2022-06': 196.28, '2022-07': 129.37, '2022-08': 153.1, '2022-09': 116.07, '2022-10': 112.13, '2022-11': 122.1, '2022-12': 98.78, '2023-01': 77, '2023-02': 112.66, '2023-03': 162.09, '2023-04': 172.35, '2023-05': 136.77, '2023-06': 121.28, '2023-07': 112, '2023-08': 149.94, '2023-09': 111.08, '2023-10': 84.73, '2023-11': 101.64, '2023-12': 133.5, '2024-01': 129.1, '2024-02': 69.8, '2024-03': 123.21, '2024-04': 146.26, '2024-05': 128.29, '2024-06': 117.66, '2024-07': 116.92, '2024-08': 96.68, '2024-09': 108.19, '2024-10': 126.53, '2024-11': 68.87, '2022Q2': 590.06, '2022Q3': 398.54, '2022Q4': 333.01, '2023Q1': 351.75, '2023Q2': 430.39, '2023Q3': 373.01, '2023Q4': 319.87, '2024Q1': 322.1, '2024Q2': 392.2, '2024Q3': 321.8, '2024Q4': 195.41}"
quarkusio/quarkus,"{'2019': 5691.88, '2020': 10190, '2021': 9911.79, '2022': 9054.14, '2023': 9518.43, '2024': 8396.94, '2019-03': 480.34, '2019-04': 505.81, '2019-05': 425.38, '2019-06': 438.76, '2019-07': 475.88, '2019-08': 502.56, '2019-09': 522.44, '2019-10': 776.63, '2019-11': 907.77, '2019-12': 656.32, '2020-01': 762.14, '2020-02': 792.67, '2020-03': 974.36, '2020-04': 890.93, '2020-05': 900.67, '2020-06': 954.18, '2020-07': 956.26, '2020-08': 769.93, '2020-09': 894.78, '2020-10': 859.63, '2020-11': 731.65, '2020-12': 702.8, '2021-01': 873.63, '2021-02': 922.94, '2021-03': 949.44, '2021-04': 955.23, '2021-05': 797.7, '2021-06': 818.99, '2021-07': 985.4, '2021-08': 733.87, '2021-09': 861.13, '2021-10': 845, '2021-11': 914.14, '2021-12': 756.05, '2022-01': 825.74, '2022-02': 799.27, '2022-03': 747.6, '2022-04': 733.26, '2022-05': 781.69, '2022-06': 700.73, '2022-07': 710.79, '2022-08': 767.92, '2022-09': 807.67, '2022-10': 718.32, '2022-11': 791.43, '2022-12': 669.74, '2023-01': 855.41, '2023-02': 847.79, '2023-03': 873.75, '2023-04': 789.68, '2023-05': 825.8, '2023-06': 872.7, '2023-07': 814.84, '2023-08': 712.66, '2023-09': 741.86, '2023-10': 776.06, '2023-11': 791.25, '2023-12': 616.62, '2024-01': 758.91, '2024-02': 749.65, '2024-03': 793.55, '2024-04': 747.91, '2024-05': 684.51, '2024-06': 733.63, '2024-07': 813.03, '2024-08': 812.75, '2024-09': 823.43, '2024-10': 744.55, '2024-11': 735.01, '2021-10-raw': 343.27, '2019Q1': 480.34, '2019Q2': 1369.95, '2019Q3': 1500.88, '2019Q4': 2340.71, '2020Q1': 2529.17, '2020Q2': 2745.77, '2020Q3': 2620.98, '2020Q4': 2294.08, '2021Q1': 2746.01, '2021Q2': 2571.93, '2021Q3': 2580.39, '2021Q4': 2013.46, '2022Q1': 2372.61, '2022Q2': 2215.68, '2022Q3': 2286.37, '2022Q4': 2179.48, '2023Q1': 2576.96, '2023Q2': 2488.18, '2023Q3': 2269.36, '2023Q4': 2183.93, '2024Q1': 2302.11, '2024Q2': 2166.05, '2024Q3': 2449.21, '2024Q4': 1479.56}"
vavr-io/vavr,"{'2015': 516.98, '2016': 934.4, '2017': 639.47, '2018': 285.55, '2019': 322.43, '2020': 160.42, '2021': 150.92, '2022': 59.19, '2023': 74.75, '2024': 179.15, '2015-01': 12.94, '2015-02': 6.03, '2015-03': 6.66, '2015-04': 27.65, '2015-05': 59.1, '2015-06': 36.58, '2015-07': 38.64, '2015-08': 55.65, '2015-09': 68.02, '2015-10': 39.41, '2015-11': 81.98, '2015-12': 84.32, '2016-01': 58.57, '2016-02': 67.54, '2016-03': 82.92, '2016-04': 71.49, '2016-05': 67.39, '2016-06': 61.36, '2016-07': 75.62, '2016-08': 86.57, '2016-09': 70.69, '2016-10': 76.73, '2016-11': 118.68, '2016-12': 96.85, '2017-01': 73.76, '2017-02': 65.44, '2017-03': 69.75, '2017-04': 57.45, '2017-05': 45.62, '2017-06': 39.74, '2017-07': 40.08, '2017-08': 28.72, '2017-09': 66.14, '2017-10': 66.12, '2017-11': 52.38, '2017-12': 34.27, '2018-01': 21.91, '2018-02': 18.22, '2018-03': 48.36, '2018-04': 23.61, '2018-05': 19.01, '2018-06': 16.87, '2018-07': 30.46, '2018-08': 23.86, '2018-09': 23.11, '2018-10': 33.16, '2018-11': 16.99, '2018-12': 9.98, '2019-01': 32.44, '2019-02': 12.02, '2019-03': 35.32, '2019-04': 19.9, '2019-05': 6.18, '2019-06': 21.14, '2019-07': 63.98, '2019-08': 34.19, '2019-09': 16.29, '2019-10': 19.6, '2019-11': 24.42, '2019-12': 36.95, '2020-01': 22.87, '2020-02': 8.63, '2020-03': 19.91, '2020-04': 7.08, '2020-05': 47.06, '2020-06': 5, '2020-07': 9.15, '2020-08': 10.41, '2020-09': 8.61, '2020-10': 5.62, '2020-11': 5.39, '2020-12': 10.69, '2021-01': 11.95, '2021-02': 18.22, '2021-03': 10.23, '2021-04': 17.82, '2021-05': 27.3, '2021-06': 16.19, '2021-07': 5.81, '2021-08': 4.65, '2021-09': 8.14, '2021-10': 10, '2021-11': 11.5, '2021-12': 17.86, '2022-01': 12.77, '2022-02': 8.04, '2022-03': 8.12, '2022-04': 7.78, '2022-05': 4.92, '2022-06': 2.77, '2022-07': 4.24, '2022-08': 0.72, '2022-09': 1.45, '2022-10': 3.79, '2022-11': 4.59, '2023-01': 12.09, '2023-02': 9.79, '2023-04': 18.94, '2023-05': 12.91, '2023-06': 1.49, '2023-07': 4.15, '2023-08': 1.49, '2023-09': 1.45, '2023-11': 4.03, '2023-12': 8.41, '2024-01': 6.87, '2024-03': 0.72, '2024-04': 12.08, '2024-05': 5.9, '2024-06': 12.37, '2024-07': 21.35, '2024-08': 25.69, '2024-09': 40.35, '2024-10': 36.32, '2024-11': 17.48, '2021-10-raw': 1.26, '2015Q1': 25.63, '2015Q2': 123.33, '2015Q3': 162.31, '2015Q4': 205.71, '2016Q1': 209.02, '2016Q2': 200.24, '2016Q3': 232.88, '2016Q4': 292.26, '2017Q1': 208.95, '2017Q2': 142.81, '2017Q3': 134.94, '2017Q4': 152.77, '2018Q1': 88.49, '2018Q2': 59.49, '2018Q3': 77.43, '2018Q4': 60.14, '2019Q1': 79.78, '2019Q2': 47.22, '2019Q3': 114.45, '2019Q4': 80.97, '2020Q1': 51.41, '2020Q2': 59.14, '2020Q3': 28.17, '2020Q4': 21.7, '2021Q1': 40.39, '2021Q2': 61.3, '2021Q3': 18.6, '2021Q4': 30.62, '2022Q1': 28.92, '2022Q2': 15.47, '2022Q3': 6.41, '2022Q4': 8.38, '2023Q1': 21.88, '2023Q2': 33.34, '2023Q3': 7.09, '2023Q4': 12.43, '2024Q1': 7.59, '2024Q2': 30.36, '2024Q3': 87.39, '2024Q4': 53.81}"
neo4j/neo4j,"{'2015': 2889.56, '2016': 2999.03, '2017': 2670.82, '2018': 1926.19, '2019': 749.76, '2020': 666.77, '2021': 424.96, '2022': 452.93, '2023': 673.24, '2024': 474.76, '2015-01': 209.6, '2015-02': 205.75, '2015-03': 232.45, '2015-04': 243.28, '2015-05': 204.53, '2015-06': 246.88, '2015-07': 216.38, '2015-08': 225.62, '2015-09': 263.39, '2015-10': 323.45, '2015-11': 261.69, '2015-12': 256.54, '2016-01': 231.39, '2016-02': 261.63, '2016-03': 299.57, '2016-04': 251.32, '2016-05': 298.22, '2016-06': 256, '2016-07': 238.07, '2016-08': 238.36, '2016-09': 272.37, '2016-10': 256.49, '2016-11': 218.87, '2016-12': 176.73, '2017-01': 221.89, '2017-02': 231.52, '2017-03': 232.87, '2017-04': 181.97, '2017-05': 237.15, '2017-06': 215.16, '2017-07': 178.48, '2017-08': 235.55, '2017-09': 259.89, '2017-10': 244.46, '2017-11': 240.72, '2017-12': 191.16, '2018-01': 278.36, '2018-02': 250.98, '2018-03': 300.6, '2018-04': 259.14, '2018-05': 253.42, '2018-06': 115.83, '2018-07': 94.6, '2018-08': 72.27, '2018-09': 51.06, '2018-10': 94.53, '2018-11': 94.23, '2018-12': 61.15, '2019-01': 87.55, '2019-02': 68.33, '2019-03': 60.98, '2019-04': 56.61, '2019-05': 59.29, '2019-06': 47.1, '2019-07': 49.42, '2019-08': 71.74, '2019-09': 61.6, '2019-10': 63.49, '2019-11': 65.54, '2019-12': 58.12, '2020-01': 59.54, '2020-02': 61.66, '2020-03': 70.47, '2020-04': 69.99, '2020-05': 63.12, '2020-06': 47.34, '2020-07': 46.62, '2020-08': 41.93, '2020-09': 53.97, '2020-10': 60.68, '2020-11': 43.77, '2020-12': 47.69, '2021-01': 49.18, '2021-02': 29.87, '2021-03': 46.88, '2021-04': 38.37, '2021-05': 47.42, '2021-06': 24.59, '2021-07': 38.73, '2021-08': 39.69, '2021-09': 15.56, '2021-10': 29, '2021-11': 26.98, '2021-12': 54.11, '2022-01': 44.87, '2022-02': 20.64, '2022-03': 31.97, '2022-04': 34.15, '2022-05': 25.54, '2022-06': 32.34, '2022-07': 21.02, '2022-08': 42.69, '2022-09': 46.65, '2022-10': 42.22, '2022-11': 48.29, '2022-12': 62.55, '2023-01': 46.28, '2023-02': 45.65, '2023-03': 61.31, '2023-04': 84.11, '2023-05': 41.7, '2023-06': 67.85, '2023-07': 53.33, '2023-08': 57.44, '2023-09': 69.07, '2023-10': 53.03, '2023-11': 63.42, '2023-12': 30.06, '2024-01': 54.64, '2024-02': 42.7, '2024-03': 51.35, '2024-04': 39.98, '2024-05': 33.77, '2024-06': 43.62, '2024-07': 48.48, '2024-08': 46.32, '2024-09': 33.65, '2024-10': 38.74, '2024-11': 41.52, '2021-10-raw': 13.57, '2015Q1': 647.8, '2015Q2': 694.68, '2015Q3': 705.4, '2015Q4': 841.69, '2016Q1': 792.59, '2016Q2': 805.54, '2016Q3': 748.8, '2016Q4': 652.09, '2017Q1': 686.28, '2017Q2': 634.27, '2017Q3': 673.92, '2017Q4': 676.34, '2018Q1': 829.95, '2018Q2': 628.4, '2018Q3': 217.93, '2018Q4': 249.92, '2019Q1': 216.86, '2019Q2': 163, '2019Q3': 182.75, '2019Q4': 187.15, '2020Q1': 191.67, '2020Q2': 180.45, '2020Q3': 142.51, '2020Q4': 152.14, '2021Q1': 125.93, '2021Q2': 110.38, '2021Q3': 93.99, '2021Q4': 94.66, '2022Q1': 97.48, '2022Q2': 92.03, '2022Q3': 110.36, '2022Q4': 153.06, '2023Q1': 153.23, '2023Q2': 193.66, '2023Q3': 179.84, '2023Q4': 146.5, '2024Q1': 148.68, '2024Q2': 117.37, '2024Q3': 128.44, '2024Q4': 80.26}"
elastic/elasticsearch,"{'2015': 9260.51, '2016': 9497.47, '2017': 8769.19, '2018': 10176.4, '2019': 12525.61, '2020': 13396.68, '2021': 11138.58, '2022': 9928.14, '2023': 9958.31, '2024': 11277.96, '2015-01': 626.45, '2015-02': 620.25, '2015-03': 807.97, '2015-04': 850.04, '2015-05': 736.7, '2015-06': 767.53, '2015-07': 787.96, '2015-08': 750.78, '2015-09': 776.53, '2015-10': 750.23, '2015-11': 912.67, '2015-12': 873.41, '2016-01': 830.1, '2016-02': 843.44, '2016-03': 820.12, '2016-04': 835.92, '2016-05': 792.83, '2016-06': 814.16, '2016-07': 721.4, '2016-08': 786.49, '2016-09': 657.23, '2016-10': 707.65, '2016-11': 914.7, '2016-12': 773.42, '2017-01': 758.38, '2017-02': 781.88, '2017-03': 814.32, '2017-04': 776.75, '2017-05': 832.98, '2017-06': 736.51, '2017-07': 719.01, '2017-08': 739.19, '2017-09': 638.84, '2017-10': 635.16, '2017-11': 665.19, '2017-12': 670.99, '2018-01': 708.96, '2018-02': 665.48, '2018-03': 795.22, '2018-04': 673.65, '2018-05': 852.92, '2018-06': 896.81, '2018-07': 901.88, '2018-08': 931.09, '2018-09': 865.29, '2018-10': 955.43, '2018-11': 999.4, '2018-12': 930.28, '2019-01': 1045.42, '2019-02': 1098.25, '2019-03': 1102.8, '2019-04': 1033.3, '2019-05': 1042.92, '2019-06': 993.98, '2019-07': 1097.19, '2019-08': 1011.29, '2019-09': 1014.31, '2019-10': 1184.86, '2019-11': 996.12, '2019-12': 905.16, '2020-01': 1116.35, '2020-02': 1099.73, '2020-03': 1270.46, '2020-04': 1257.78, '2020-05': 1098.2, '2020-06': 1112.15, '2020-07': 1179.1, '2020-08': 954.55, '2020-09': 1107.27, '2020-10': 1070.82, '2020-11': 1017.94, '2020-12': 1112.32, '2021-01': 1035.83, '2021-02': 1075.74, '2021-03': 1058.26, '2021-04': 1070.62, '2021-05': 811.84, '2021-06': 1013.44, '2021-07': 913.96, '2021-08': 900.55, '2021-09': 999.62, '2021-10': 935, '2021-11': 880.92, '2021-12': 946.73, '2022-01': 1006.68, '2022-02': 915.39, '2022-03': 974.75, '2022-04': 768.13, '2022-05': 851.42, '2022-06': 823.69, '2022-07': 759.5, '2022-08': 833.57, '2022-09': 819.6, '2022-10': 721.45, '2022-11': 801.08, '2022-12': 652.87, '2023-01': 745.95, '2023-02': 779.7, '2023-03': 733.29, '2023-04': 740.14, '2023-05': 761.6, '2023-06': 794.69, '2023-07': 801, '2023-08': 916.29, '2023-09': 866.71, '2023-10': 1006.7, '2023-11': 980.21, '2023-12': 832.03, '2024-01': 1005.34, '2024-02': 842.52, '2024-03': 961.57, '2024-04': 994.17, '2024-05': 1020.55, '2024-06': 947.47, '2024-07': 970.51, '2024-08': 926.16, '2024-09': 1068.54, '2024-10': 1362.86, '2024-11': 1178.26, '2021-10-raw': 431.07, '2015Q1': 2054.67, '2015Q2': 2354.27, '2015Q3': 2315.27, '2015Q4': 2536.3, '2016Q1': 2493.67, '2016Q2': 2442.91, '2016Q3': 2165.13, '2016Q4': 2395.77, '2017Q1': 2354.58, '2017Q2': 2346.24, '2017Q3': 2097.04, '2017Q4': 1971.34, '2018Q1': 2169.66, '2018Q2': 2423.38, '2018Q3': 2698.25, '2018Q4': 2885.11, '2019Q1': 3246.48, '2019Q2': 3070.2, '2019Q3': 3122.8, '2019Q4': 3086.14, '2020Q1': 3486.55, '2020Q2': 3468.13, '2020Q3': 3240.93, '2020Q4': 3201.08, '2021Q1': 3169.83, '2021Q2': 2895.89, '2021Q3': 2814.13, '2021Q4': 2258.73, '2022Q1': 2896.82, '2022Q2': 2443.24, '2022Q3': 2412.67, '2022Q4': 2175.41, '2023Q1': 2258.95, '2023Q2': 2296.43, '2023Q3': 2583.99, '2023Q4': 2818.94, '2024Q1': 2809.43, '2024Q2': 2962.19, '2024Q3': 2965.22, '2024Q4': 2541.12}"
infinispan/infinispan,"{'2015': 999.38, '2016': 1105.97, '2017': 1314.12, '2018': 1171.12, '2019': 1156.44, '2020': 1308, '2021': 970.52, '2022': 907.31, '2023': 999.58, '2024': 1107.99, '2015-01': 86.94, '2015-02': 51.25, '2015-03': 103.44, '2015-04': 100.92, '2015-05': 95.63, '2015-06': 73.54, '2015-07': 97.52, '2015-08': 93.52, '2015-09': 62.47, '2015-10': 84.22, '2015-11': 81.83, '2015-12': 68.09, '2016-01': 85.6, '2016-02': 95.3, '2016-03': 117.83, '2016-04': 109.44, '2016-05': 107.26, '2016-06': 78.89, '2016-07': 76.34, '2016-08': 86.55, '2016-09': 74.98, '2016-10': 97.97, '2016-11': 89.45, '2016-12': 86.36, '2017-01': 109.93, '2017-02': 134.28, '2017-03': 153.29, '2017-04': 95.18, '2017-05': 101.18, '2017-06': 136.27, '2017-07': 106.38, '2017-08': 84.43, '2017-09': 98.81, '2017-10': 108.27, '2017-11': 99.63, '2017-12': 86.46, '2018-01': 103.37, '2018-02': 113.72, '2018-03': 120.72, '2018-04': 79.4, '2018-05': 98.86, '2018-06': 107.21, '2018-07': 91.2, '2018-08': 81.33, '2018-09': 79.76, '2018-10': 96.28, '2018-11': 107.47, '2018-12': 91.8, '2019-01': 74.83, '2019-02': 80.49, '2019-03': 86.73, '2019-04': 65.37, '2019-05': 112.48, '2019-06': 109.66, '2019-07': 105.16, '2019-08': 79.29, '2019-09': 113.42, '2019-10': 135.16, '2019-11': 100.93, '2019-12': 92.93, '2020-01': 101.65, '2020-02': 134.77, '2020-03': 126.42, '2020-04': 145.64, '2020-05': 139.52, '2020-06': 110.36, '2020-07': 99.44, '2020-08': 70.28, '2020-09': 103.22, '2020-10': 105.73, '2020-11': 84.22, '2020-12': 86.76, '2021-01': 68.99, '2021-02': 81.94, '2021-03': 106.57, '2021-04': 94.74, '2021-05': 108.16, '2021-06': 76.86, '2021-07': 77.59, '2021-08': 61.21, '2021-09': 86.46, '2021-10': 80, '2021-11': 82.79, '2021-12': 79.01, '2022-01': 76.27, '2022-02': 86.84, '2022-03': 93.06, '2022-04': 82.62, '2022-05': 73.22, '2022-06': 62.05, '2022-07': 72.59, '2022-08': 57.52, '2022-09': 84.25, '2022-10': 82.1, '2022-11': 72.88, '2022-12': 63.92, '2023-01': 66.45, '2023-02': 51.99, '2023-03': 80.54, '2023-04': 87.57, '2023-05': 109.83, '2023-06': 76.82, '2023-07': 89.8, '2023-08': 78.78, '2023-09': 94.98, '2023-10': 93.65, '2023-11': 89.16, '2023-12': 80, '2024-01': 112.63, '2024-02': 106.81, '2024-03': 110.97, '2024-04': 82.54, '2024-05': 85.08, '2024-06': 93.01, '2024-07': 90.63, '2024-08': 97.08, '2024-09': 106.37, '2024-10': 134.59, '2024-11': 88.28, '2021-10-raw': 46.21, '2015Q1': 241.63, '2015Q2': 270.09, '2015Q3': 253.52, '2015Q4': 234.14, '2016Q1': 298.72, '2016Q2': 295.59, '2016Q3': 237.87, '2016Q4': 273.78, '2017Q1': 397.5, '2017Q2': 332.64, '2017Q3': 289.62, '2017Q4': 294.36, '2018Q1': 337.82, '2018Q2': 285.47, '2018Q3': 252.29, '2018Q4': 295.55, '2019Q1': 242.04, '2019Q2': 287.5, '2019Q3': 297.88, '2019Q4': 329.02, '2020Q1': 362.84, '2020Q2': 395.52, '2020Q3': 272.94, '2020Q4': 276.71, '2021Q1': 257.5, '2021Q2': 279.76, '2021Q3': 225.26, '2021Q4': 208.01, '2022Q1': 256.17, '2022Q2': 217.9, '2022Q3': 214.35, '2022Q4': 218.89, '2023Q1': 198.98, '2023Q2': 274.23, '2023Q3': 263.56, '2023Q4': 262.82, '2024Q1': 330.41, '2024Q2': 260.63, '2024Q3': 294.08, '2024Q4': 222.87}"
wildfly/wildfly,"{'2015': 2220.3, '2016': 1803.9, '2017': 1853.43, '2018': 1902.43, '2019': 1616.3, '2020': 1607.06, '2021': 1627.38, '2022': 1731.76, '2023': 1561.4, '2024': 1349.67, '2015-01': 145.05, '2015-02': 151.4, '2015-03': 168.17, '2015-04': 171.38, '2015-05': 195.93, '2015-06': 200.15, '2015-07': 256.58, '2015-08': 230.93, '2015-09': 220.81, '2015-10': 209.69, '2015-11': 114.9, '2015-12': 155.31, '2016-01': 154.12, '2016-02': 165.5, '2016-03': 123.72, '2016-04': 129.4, '2016-05': 135.37, '2016-06': 159.75, '2016-07': 189.27, '2016-08': 173.01, '2016-09': 145.43, '2016-10': 140.28, '2016-11': 178.55, '2016-12': 109.49, '2017-01': 121.55, '2017-02': 184.84, '2017-03': 216.45, '2017-04': 153.2, '2017-05': 197.25, '2017-06': 203.23, '2017-07': 156.44, '2017-08': 144.26, '2017-09': 144.79, '2017-10': 115.3, '2017-11': 141.59, '2017-12': 74.55, '2018-01': 113.08, '2018-02': 209.27, '2018-03': 164.58, '2018-04': 140.35, '2018-05': 188.53, '2018-06': 150.54, '2018-07': 170.97, '2018-08': 232.27, '2018-09': 120.48, '2018-10': 142.03, '2018-11': 169.08, '2018-12': 101.25, '2019-01': 126.31, '2019-02': 166.82, '2019-03': 128.28, '2019-04': 127.81, '2019-05': 149.68, '2019-06': 117.44, '2019-07': 133.59, '2019-08': 175.05, '2019-09': 155.2, '2019-10': 114.36, '2019-11': 120.94, '2019-12': 100.85, '2020-01': 144.74, '2020-02': 133.51, '2020-03': 136.19, '2020-04': 150.59, '2020-05': 150.05, '2020-06': 113.8, '2020-07': 106.21, '2020-08': 134.89, '2020-09': 160.77, '2020-10': 121.89, '2020-11': 113.79, '2020-12': 140.64, '2021-01': 142.98, '2021-02': 182.66, '2021-03': 149.64, '2021-04': 127.62, '2021-05': 114.57, '2021-06': 116.36, '2021-07': 143.12, '2021-08': 116.63, '2021-09': 181.86, '2021-10': 154, '2021-11': 151.57, '2021-12': 135.06, '2022-01': 159.71, '2022-02': 139.13, '2022-03': 153.31, '2022-04': 147.18, '2022-05': 120.32, '2022-06': 159.09, '2022-07': 133.06, '2022-08': 172.04, '2022-09': 172.2, '2022-10': 152.33, '2022-11': 112.29, '2022-12': 111.09, '2023-01': 125.36, '2023-02': 126.64, '2023-03': 154.11, '2023-04': 151.63, '2023-05': 107.74, '2023-06': 125.69, '2023-07': 113.97, '2023-08': 127.69, '2023-09': 152.48, '2023-10': 163.37, '2023-11': 128.41, '2023-12': 84.31, '2024-01': 108.61, '2024-02': 140.21, '2024-03': 134.6, '2024-04': 116.91, '2024-05': 101.64, '2024-06': 112.46, '2024-07': 133.75, '2024-08': 124.8, '2024-09': 133.32, '2024-10': 114.33, '2024-11': 129.04, '2021-10-raw': 65.31, '2015Q1': 464.62, '2015Q2': 567.45, '2015Q3': 708.32, '2015Q4': 479.9, '2016Q1': 443.34, '2016Q2': 424.52, '2016Q3': 507.72, '2016Q4': 428.33, '2017Q1': 522.84, '2017Q2': 553.68, '2017Q3': 445.48, '2017Q4': 331.44, '2018Q1': 486.93, '2018Q2': 479.42, '2018Q3': 523.72, '2018Q4': 412.36, '2019Q1': 421.41, '2019Q2': 394.92, '2019Q3': 463.83, '2019Q4': 336.14, '2020Q1': 414.43, '2020Q2': 414.44, '2020Q3': 401.87, '2020Q4': 376.32, '2021Q1': 475.28, '2021Q2': 358.55, '2021Q3': 441.62, '2021Q4': 351.93, '2022Q1': 452.15, '2022Q2': 426.59, '2022Q3': 477.3, '2022Q4': 375.71, '2023Q1': 406.11, '2023Q2': 385.06, '2023Q3': 394.13, '2023Q4': 376.09, '2024Q1': 383.42, '2024Q2': 331.02, '2024Q3': 391.87, '2024Q4': 243.36}"
hazelcast/hazelcast,"{'2015': 3179.87, '2016': 2797.48, '2017': 2518.99, '2018': 2341.07, '2019': 2203.27, '2020': 2446.87, '2021': 2437.16, '2022': 2559.23, '2023': 2786.75, '2024': 499.32, '2015-01': 178.92, '2015-02': 223.67, '2015-03': 272.68, '2015-04': 270.24, '2015-05': 242.19, '2015-06': 277.23, '2015-07': 249.61, '2015-08': 273.3, '2015-09': 270.63, '2015-10': 307.82, '2015-11': 310.44, '2015-12': 303.14, '2016-01': 248.12, '2016-02': 248.14, '2016-03': 258.51, '2016-04': 225.08, '2016-05': 274.22, '2016-06': 230.62, '2016-07': 216.17, '2016-08': 204.45, '2016-09': 232.57, '2016-10': 217.38, '2016-11': 205.7, '2016-12': 236.51, '2017-01': 233.22, '2017-02': 190.64, '2017-03': 216.54, '2017-04': 214.39, '2017-05': 193.19, '2017-06': 228.98, '2017-07': 180.34, '2017-08': 230.45, '2017-09': 214.3, '2017-10': 210.02, '2017-11': 210.74, '2017-12': 196.17, '2018-01': 211.53, '2018-02': 243.93, '2018-03': 250.5, '2018-04': 220.72, '2018-05': 211.83, '2018-06': 181.73, '2018-07': 146.51, '2018-08': 164.48, '2018-09': 198.64, '2018-10': 188.94, '2018-11': 173.79, '2018-12': 148.45, '2019-01': 143.22, '2019-02': 194.18, '2019-03': 211.77, '2019-04': 159.31, '2019-05': 167.1, '2019-06': 133.75, '2019-07': 165.68, '2019-08': 136.92, '2019-09': 176.36, '2019-10': 235.12, '2019-11': 231.57, '2019-12': 248.27, '2020-01': 227.69, '2020-02': 194.18, '2020-03': 222.81, '2020-04': 188.65, '2020-05': 158.8, '2020-06': 199.25, '2020-07': 213.74, '2020-08': 236.45, '2020-09': 254.85, '2020-10': 220.57, '2020-11': 142.01, '2020-12': 187.88, '2021-01': 176.87, '2021-02': 232.63, '2021-03': 189.77, '2021-04': 180.7, '2021-05': 192.14, '2021-06': 220.77, '2021-07': 258.56, '2021-08': 219.62, '2021-09': 253.76, '2021-10': 213, '2021-11': 173.92, '2021-12': 204.88, '2022-01': 248.01, '2022-02': 227.86, '2022-03': 204.68, '2022-04': 185.11, '2022-05': 147.7, '2022-06': 187.66, '2022-07': 172.46, '2022-08': 245.16, '2022-09': 217.96, '2022-10': 213.26, '2022-11': 284.66, '2022-12': 224.71, '2023-01': 253.88, '2023-02': 255.64, '2023-03': 301.87, '2023-04': 228.14, '2023-05': 217.01, '2023-06': 220.89, '2023-07': 213.14, '2023-08': 247.53, '2023-09': 230.8, '2023-10': 275.7, '2023-11': 231.72, '2023-12': 110.43, '2024-01': 60, '2024-02': 63.76, '2024-03': 52.93, '2024-04': 48.06, '2024-05': 53.05, '2024-06': 40.7, '2024-07': 46.75, '2024-08': 52.51, '2024-09': 17.83, '2024-10': 42.8, '2024-11': 20.94, '2021-10-raw': 133.53, '2015Q1': 675.27, '2015Q2': 789.66, '2015Q3': 793.54, '2015Q4': 921.4, '2016Q1': 754.77, '2016Q2': 729.92, '2016Q3': 653.19, '2016Q4': 659.6, '2017Q1': 640.4, '2017Q2': 636.57, '2017Q3': 625.09, '2017Q4': 616.93, '2018Q1': 705.97, '2018Q2': 614.28, '2018Q3': 509.63, '2018Q4': 511.19, '2019Q1': 549.17, '2019Q2': 460.17, '2019Q3': 478.96, '2019Q4': 714.97, '2020Q1': 644.68, '2020Q2': 546.7, '2020Q3': 705.04, '2020Q4': 550.45, '2021Q1': 599.27, '2021Q2': 593.62, '2021Q3': 731.93, '2021Q4': 512.34, '2022Q1': 680.55, '2022Q2': 520.47, '2022Q3': 635.58, '2022Q4': 722.64, '2023Q1': 811.39, '2023Q2': 666.04, '2023Q3': 691.47, '2023Q4': 617.85, '2024Q1': 176.68, '2024Q2': 141.81, '2024Q3': 117.09, '2024Q4': 63.74}"
eclipse-vertx/vert.x,"{'2015': 459.5, '2016': 851.81, '2017': 932.96, '2018': 864.84, '2019': 727.32, '2020': 749.86, '2021': 795.53, '2022': 620.62, '2023': 593.97, '2024': 485.3, '2015-01': 12.63, '2015-02': 18.89, '2015-03': 24.55, '2015-04': 27.32, '2015-05': 41.09, '2015-06': 64.74, '2015-07': 29.47, '2015-08': 29.78, '2015-09': 55.23, '2015-10': 43.75, '2015-11': 47.94, '2015-12': 64.11, '2016-01': 74.57, '2016-02': 43.45, '2016-03': 74.47, '2016-04': 64.75, '2016-05': 90.73, '2016-06': 69.76, '2016-07': 85.66, '2016-08': 75.56, '2016-09': 87.59, '2016-10': 67.88, '2016-11': 61.58, '2016-12': 55.8, '2017-01': 70.74, '2017-02': 89.3, '2017-03': 95.46, '2017-04': 92.95, '2017-05': 77.77, '2017-06': 65.1, '2017-07': 68.06, '2017-08': 55.69, '2017-09': 93.85, '2017-10': 88.25, '2017-11': 74.74, '2017-12': 61.05, '2018-01': 99.63, '2018-02': 35.04, '2018-03': 62.37, '2018-04': 104.34, '2018-05': 78.92, '2018-06': 63.31, '2018-07': 80.28, '2018-08': 69.47, '2018-09': 68.89, '2018-10': 66.45, '2018-11': 65.72, '2018-12': 70.41, '2019-01': 59.13, '2019-02': 61.83, '2019-03': 60.52, '2019-04': 52.98, '2019-05': 75.79, '2019-06': 56.21, '2019-07': 69.4, '2019-08': 63.02, '2019-09': 54.83, '2019-10': 65.93, '2019-11': 63.53, '2019-12': 44.15, '2020-01': 57.49, '2020-02': 62.46, '2020-03': 53.18, '2020-04': 85.59, '2020-05': 67.66, '2020-06': 58.78, '2020-07': 73.5, '2020-08': 44.51, '2020-09': 50.39, '2020-10': 54.25, '2020-11': 70.53, '2020-12': 71.53, '2021-01': 93.73, '2021-02': 82.14, '2021-03': 73.98, '2021-04': 76.21, '2021-05': 72.76, '2021-06': 75.19, '2021-07': 80.38, '2021-08': 46.66, '2021-09': 52.89, '2021-10': 50, '2021-11': 45.57, '2021-12': 59.09, '2022-01': 57.42, '2022-02': 54.35, '2022-03': 56.74, '2022-04': 52.59, '2022-05': 57.79, '2022-06': 55.66, '2022-07': 44.23, '2022-08': 47.92, '2022-09': 55.23, '2022-10': 58.49, '2022-11': 54.37, '2022-12': 25.82, '2023-01': 40.68, '2023-02': 51.72, '2023-03': 33.08, '2023-04': 40.7, '2023-05': 51.82, '2023-06': 66.63, '2023-07': 36.35, '2023-08': 43.32, '2023-09': 48.62, '2023-10': 55.14, '2023-11': 60.37, '2023-12': 65.52, '2024-01': 42.05, '2024-02': 70.46, '2024-03': 45.39, '2024-04': 38.87, '2024-05': 32.22, '2024-06': 36.48, '2024-07': 34.03, '2024-08': 36.02, '2024-09': 50.54, '2024-10': 55.11, '2024-11': 44.13, '2021-10-raw': 36.91, '2015Q1': 56.07, '2015Q2': 133.15, '2015Q3': 114.48, '2015Q4': 155.81, '2016Q1': 192.49, '2016Q2': 225.25, '2016Q3': 248.82, '2016Q4': 185.26, '2017Q1': 255.5, '2017Q2': 235.83, '2017Q3': 217.59, '2017Q4': 224.04, '2018Q1': 197.04, '2018Q2': 246.57, '2018Q3': 218.64, '2018Q4': 202.58, '2019Q1': 181.48, '2019Q2': 184.98, '2019Q3': 187.25, '2019Q4': 173.61, '2020Q1': 173.12, '2020Q2': 212.03, '2020Q3': 168.4, '2020Q4': 196.31, '2021Q1': 249.86, '2021Q2': 224.17, '2021Q3': 179.93, '2021Q4': 141.58, '2022Q1': 168.51, '2022Q2': 166.05, '2022Q3': 147.38, '2022Q4': 138.68, '2023Q1': 125.49, '2023Q2': 159.15, '2023Q3': 128.29, '2023Q4': 181.04, '2024Q1': 157.9, '2024Q2': 107.57, '2024Q3': 120.59, '2024Q4': 99.24}"
cucumber/cucumber-jvm,"{'2015': 352.4, '2016': 396.79, '2017': 538.77, '2018': 527.14, '2019': 647.32, '2020': 568.76, '2021': 425.65, '2022': 362.78, '2023': 308.51, '2024': 204.68, '2015-01': 37.26, '2015-02': 20.26, '2015-03': 26.39, '2015-04': 37.09, '2015-05': 30.63, '2015-06': 19.85, '2015-07': 31.51, '2015-08': 24.4, '2015-09': 34.73, '2015-10': 34.93, '2015-11': 29.79, '2015-12': 25.55, '2016-01': 27.97, '2016-02': 30.47, '2016-03': 30.3, '2016-04': 42.55, '2016-05': 45.01, '2016-06': 30.7, '2016-07': 33.04, '2016-08': 39.72, '2016-09': 42.81, '2016-10': 34.31, '2016-11': 24.86, '2016-12': 15.06, '2017-01': 28.04, '2017-02': 19.08, '2017-03': 20.68, '2017-04': 31.55, '2017-05': 51.92, '2017-06': 61.72, '2017-07': 58.34, '2017-08': 39.07, '2017-09': 49.73, '2017-10': 84.13, '2017-11': 41.83, '2017-12': 52.68, '2018-01': 34.22, '2018-02': 36.34, '2018-03': 44.02, '2018-04': 53.13, '2018-05': 55.56, '2018-06': 68.03, '2018-07': 45.51, '2018-08': 33.05, '2018-09': 34.31, '2018-10': 65.19, '2018-11': 33.55, '2018-12': 24.24, '2019-01': 45.23, '2019-02': 57.74, '2019-03': 62.17, '2019-04': 53.1, '2019-05': 68.98, '2019-06': 61.89, '2019-07': 66.78, '2019-08': 70.16, '2019-09': 36.16, '2019-10': 54.48, '2019-11': 38.46, '2019-12': 32.17, '2020-01': 51.88, '2020-02': 39.79, '2020-03': 50.6, '2020-04': 53.46, '2020-05': 39.71, '2020-06': 68.28, '2020-07': 51.12, '2020-08': 48.84, '2020-09': 53.17, '2020-10': 58.51, '2020-11': 12.68, '2020-12': 40.73, '2021-01': 35.1, '2021-02': 45.74, '2021-03': 44.05, '2021-04': 36.76, '2021-05': 28.98, '2021-06': 32.86, '2021-07': 39.32, '2021-08': 33.54, '2021-09': 31.56, '2021-10': 35, '2021-11': 38.56, '2021-12': 37.76, '2022-01': 40.5, '2022-02': 22.53, '2022-03': 30.85, '2022-04': 44.59, '2022-05': 30.01, '2022-06': 25.63, '2022-07': 25.49, '2022-08': 21.87, '2022-09': 35.79, '2022-10': 21.17, '2022-11': 31.25, '2022-12': 33.11, '2023-01': 34.1, '2023-02': 10.52, '2023-03': 35.31, '2023-04': 48.1, '2023-05': 33.53, '2023-06': 21.74, '2023-07': 16.52, '2023-08': 16.09, '2023-09': 25.24, '2023-10': 18.39, '2023-11': 18.11, '2023-12': 30.87, '2024-01': 11.99, '2024-02': 16.48, '2024-03': 20.5, '2024-04': 17.51, '2024-05': 23.18, '2024-06': 10.24, '2024-07': 21.43, '2024-08': 25.96, '2024-09': 20.03, '2024-10': 19.34, '2024-11': 18.02, '2021-10-raw': 21.43, '2015Q1': 83.91, '2015Q2': 87.57, '2015Q3': 90.64, '2015Q4': 90.28, '2016Q1': 88.73, '2016Q2': 118.26, '2016Q3': 115.57, '2016Q4': 74.23, '2017Q1': 67.8, '2017Q2': 145.2, '2017Q3': 147.14, '2017Q4': 178.63, '2018Q1': 114.58, '2018Q2': 176.73, '2018Q3': 112.87, '2018Q4': 122.97, '2019Q1': 165.14, '2019Q2': 183.97, '2019Q3': 173.1, '2019Q4': 125.11, '2020Q1': 142.27, '2020Q2': 161.45, '2020Q3': 153.13, '2020Q4': 111.92, '2021Q1': 124.89, '2021Q2': 98.6, '2021Q3': 104.42, '2021Q4': 97.75, '2022Q1': 93.88, '2022Q2': 100.23, '2022Q3': 83.14, '2022Q4': 85.53, '2023Q1': 79.92, '2023Q2': 103.37, '2023Q3': 57.85, '2023Q4': 67.37, '2024Q1': 48.97, '2024Q2': 50.93, '2024Q3': 67.42, '2024Q4': 37.35}"
eclipse/microprofile,"{'2016': 2.02, '2017': 45.25, '2018': 106.65, '2019': 200.41, '2020': 129.08, '2021': 88.65, '2022': 96.07, '2023': 91.57, '2024': 74.49, '2016-12': 2.02, '2017-01': 3.51, '2017-02': 11.74, '2017-03': 9.64, '2017-04': 7.1, '2017-05': 1.43, '2017-07': 5.06, '2017-08': 3.57, '2017-09': 3.19, '2018-05': 11.16, '2018-06': 17.69, '2018-07': 31.53, '2018-08': 5.68, '2018-09': 8.63, '2018-10': 12.27, '2018-11': 10.2, '2018-12': 9.49, '2019-01': 29.69, '2019-02': 20.26, '2019-03': 18.25, '2019-04': 21.43, '2019-05': 26.42, '2019-06': 17.11, '2019-07': 4.73, '2019-08': 10.28, '2019-09': 2.22, '2019-10': 26.15, '2019-11': 9.67, '2019-12': 14.2, '2020-01': 14.84, '2020-02': 13.85, '2020-03': 8.78, '2020-04': 6.67, '2020-05': 2.22, '2020-07': 3.67, '2020-08': 23.53, '2020-09': 11.52, '2020-10': 19.39, '2020-11': 7.09, '2020-12': 17.53, '2021-01': 0.72, '2021-03': 6.52, '2021-04': 1.75, '2021-05': 18.06, '2021-06': 18.43, '2021-07': 5.68, '2021-08': 0.72, '2021-09': 11.92, '2021-10': 9, '2021-11': 7.87, '2021-12': 10.63, '2022-01': 6.57, '2022-02': 2.95, '2022-03': 5.09, '2022-04': 3.71, '2022-05': 4.03, '2022-06': 4.58, '2022-07': 5.09, '2022-08': 4.32, '2022-09': 8.38, '2022-10': 8.43, '2022-11': 28.43, '2022-12': 14.49, '2023-01': 9.99, '2023-02': 3.15, '2023-03': 2.38, '2023-04': 8.87, '2023-05': 11.95, '2023-06': 8.69, '2023-07': 8.61, '2023-08': 12.57, '2023-09': 10.73, '2023-10': 4.73, '2023-11': 3.71, '2023-12': 6.18, '2024-01': 1.02, '2024-02': 12.19, '2024-03': 4.95, '2024-04': 8.04, '2024-05': 4.38, '2024-06': 7.69, '2024-07': 16.22, '2024-08': 5.14, '2024-09': 4.06, '2024-10': 7.45, '2024-11': 3.33, '2021-10-raw': 6.35, '2016Q4': 2.02, '2017Q1': 24.9, '2017Q2': 8.53, '2017Q3': 11.83, '2018Q2': 28.84, '2018Q3': 45.85, '2018Q4': 31.97, '2019Q1': 68.2, '2019Q2': 64.97, '2019Q3': 17.22, '2019Q4': 50.03, '2020Q1': 37.47, '2020Q2': 8.88, '2020Q3': 38.71, '2020Q4': 44.01, '2021Q1': 7.24, '2021Q2': 38.23, '2021Q3': 18.33, '2021Q4': 24.85, '2022Q1': 14.62, '2022Q2': 12.31, '2022Q3': 17.79, '2022Q4': 51.35, '2023Q1': 15.52, '2023Q2': 29.51, '2023Q3': 31.92, '2023Q4': 14.62, '2024Q1': 18.17, '2024Q2': 20.11, '2024Q3': 25.42, '2024Q4': 10.79}"
apache/iceberg,"{'2018': 59.13, '2019': 1057.36, '2020': 2120.77, '2021': 3237.34, '2022': 4734.84, '2023': 4871.92, '2024': 4346.13, '2018-11': 18.5, '2018-12': 40.63, '2019-01': 34.83, '2019-02': 49.72, '2019-03': 73.5, '2019-04': 53.88, '2019-05': 64.33, '2019-06': 75.84, '2019-07': 133.46, '2019-08': 119.88, '2019-09': 128.44, '2019-10': 120.2, '2019-11': 102.58, '2019-12': 100.7, '2020-01': 103.99, '2020-02': 105.54, '2020-03': 105.28, '2020-04': 149.88, '2020-05': 138.34, '2020-06': 129.28, '2020-07': 190.94, '2020-08': 204.66, '2020-09': 221.49, '2020-10': 241.47, '2020-11': 253.69, '2020-12': 276.19, '2021-01': 315.3, '2021-02': 210.14, '2021-03': 237.31, '2021-04': 238.04, '2021-05': 233.85, '2021-06': 248.69, '2021-07': 273.79, '2021-08': 260.43, '2021-09': 339.14, '2021-10': 345, '2021-11': 375.13, '2021-12': 373.12, '2022-01': 375.25, '2022-02': 402.41, '2022-03': 398.76, '2022-04': 422.41, '2022-05': 422.15, '2022-06': 444.25, '2022-07': 387.92, '2022-08': 427.05, '2022-09': 361.47, '2022-10': 333.02, '2022-11': 399.71, '2022-12': 360.46, '2023-01': 356.17, '2023-02': 425.34, '2023-03': 473.03, '2023-04': 414.76, '2023-05': 435.6, '2023-06': 368.1, '2023-07': 424.25, '2023-08': 431.83, '2023-09': 395.03, '2023-10': 393.5, '2023-11': 386.85, '2023-12': 367.47, '2024-01': 361.34, '2024-02': 401.32, '2024-03': 398.34, '2024-04': 360.35, '2024-05': 295.55, '2024-06': 361.77, '2024-07': 460.25, '2024-08': 429.91, '2024-09': 398.08, '2024-10': 475.16, '2024-11': 404.07, '2021-10-raw': 132.4, '2018Q4': 59.13, '2019Q1': 158.06, '2019Q2': 194.04, '2019Q3': 381.78, '2019Q4': 323.48, '2020Q1': 314.82, '2020Q2': 417.51, '2020Q3': 617.09, '2020Q4': 771.35, '2021Q1': 762.76, '2021Q2': 720.58, '2021Q3': 873.35, '2021Q4': 880.65, '2022Q1': 1176.42, '2022Q2': 1288.8, '2022Q3': 1176.44, '2022Q4': 1093.19, '2023Q1': 1254.53, '2023Q2': 1218.45, '2023Q3': 1251.11, '2023Q4': 1147.82, '2024Q1': 1161, '2024Q2': 1017.66, '2024Q3': 1288.23, '2024Q4': 879.23}"
grpc/grpc-java,"{'2015': 1008.81, '2016': 1472.19, '2017': 1677.52, '2018': 1484.89, '2019': 1753.54, '2020': 1645.49, '2021': 1378.6, '2022': 1312.06, '2023': 1320.07, '2024': 1355.36, '2015-02': 30.76, '2015-03': 97.14, '2015-04': 104.51, '2015-05': 97.01, '2015-06': 85, '2015-07': 98.65, '2015-08': 133.19, '2015-09': 123.98, '2015-10': 83.91, '2015-11': 79.03, '2015-12': 75.62, '2016-01': 72.45, '2016-02': 124.39, '2016-03': 118.96, '2016-04': 136.31, '2016-05': 124.02, '2016-06': 130.44, '2016-07': 126.28, '2016-08': 133.68, '2016-09': 121.46, '2016-10': 117.92, '2016-11': 133.43, '2016-12': 132.85, '2017-01': 133.92, '2017-02': 127.96, '2017-03': 118.58, '2017-04': 115.24, '2017-05': 136.45, '2017-06': 150.86, '2017-07': 146.65, '2017-08': 160.09, '2017-09': 130.45, '2017-10': 152.15, '2017-11': 183.74, '2017-12': 121.43, '2018-01': 136.71, '2018-02': 123.93, '2018-03': 162.92, '2018-04': 119.54, '2018-05': 119.06, '2018-06': 131.62, '2018-07': 111.36, '2018-08': 125.83, '2018-09': 94.04, '2018-10': 136.31, '2018-11': 107.73, '2018-12': 115.85, '2019-01': 125.13, '2019-02': 168.05, '2019-03': 147.87, '2019-04': 151.63, '2019-05': 155.68, '2019-06': 145.14, '2019-07': 135.09, '2019-08': 110.75, '2019-09': 141.4, '2019-10': 168.87, '2019-11': 152.7, '2019-12': 151.24, '2020-01': 126.31, '2020-02': 139.93, '2020-03': 134.05, '2020-04': 177.47, '2020-05': 143.84, '2020-06': 126.05, '2020-07': 148.4, '2020-08': 152.31, '2020-09': 110.45, '2020-10': 130.45, '2020-11': 136.91, '2020-12': 119.31, '2021-01': 118.95, '2021-02': 116.94, '2021-03': 136.29, '2021-04': 131.63, '2021-05': 124.86, '2021-06': 106.36, '2021-07': 106.53, '2021-08': 121.2, '2021-09': 138.73, '2021-10': 125, '2021-11': 122.02, '2021-12': 103.13, '2022-01': 110.8, '2022-02': 113.48, '2022-03': 131.34, '2022-04': 116.05, '2022-05': 123.11, '2022-06': 118.53, '2022-07': 102.15, '2022-08': 101.91, '2022-09': 94.48, '2022-10': 105.47, '2022-11': 107.69, '2022-12': 87.04, '2023-01': 104.08, '2023-02': 88.26, '2023-03': 111.41, '2023-04': 111.03, '2023-05': 131.42, '2023-06': 124.06, '2023-07': 125.29, '2023-08': 111.4, '2023-09': 93.17, '2023-10': 103, '2023-11': 116.28, '2023-12': 100.66, '2024-01': 118.39, '2024-02': 118.37, '2024-03': 122.24, '2024-04': 132.11, '2024-05': 137.56, '2024-06': 136.52, '2024-07': 112.67, '2024-08': 106.2, '2024-09': 117.43, '2024-10': 141.25, '2024-11': 112.62, '2021-10-raw': 51.95, '2015Q1': 127.9, '2015Q2': 286.52, '2015Q3': 355.82, '2015Q4': 238.56, '2016Q1': 315.8, '2016Q2': 390.77, '2016Q3': 381.42, '2016Q4': 384.2, '2017Q1': 380.45, '2017Q2': 402.56, '2017Q3': 437.19, '2017Q4': 457.32, '2018Q1': 423.56, '2018Q2': 370.22, '2018Q3': 331.23, '2018Q4': 359.88, '2019Q1': 441.04, '2019Q2': 452.45, '2019Q3': 387.24, '2019Q4': 472.81, '2020Q1': 400.29, '2020Q2': 447.36, '2020Q3': 411.17, '2020Q4': 386.67, '2021Q1': 372.19, '2021Q2': 362.84, '2021Q3': 366.47, '2021Q4': 277.1, '2022Q1': 355.62, '2022Q2': 357.7, '2022Q3': 298.54, '2022Q4': 300.2, '2023Q1': 303.75, '2023Q2': 366.51, '2023Q3': 329.86, '2023Q4': 319.95, '2024Q1': 359, '2024Q2': 406.19, '2024Q3': 336.3, '2024Q4': 253.87}"
graphql-java/graphql-java,"{'2015': 110.95, '2016': 449.92, '2017': 779.45, '2018': 676.48, '2019': 584.24, '2020': 645.54, '2021': 502.91, '2022': 507.38, '2023': 432.69, '2024': 425.83, '2015-07': 5.53, '2015-08': 17.92, '2015-09': 35.13, '2015-10': 20.28, '2015-11': 8.67, '2015-12': 23.42, '2016-01': 34.85, '2016-02': 37.13, '2016-03': 40.88, '2016-04': 28.73, '2016-05': 44, '2016-06': 28.49, '2016-07': 17.15, '2016-08': 40.38, '2016-09': 43.03, '2016-10': 49.04, '2016-11': 34.02, '2016-12': 52.23, '2017-01': 55.82, '2017-02': 46.86, '2017-03': 47.76, '2017-04': 66.03, '2017-05': 84.98, '2017-06': 65.48, '2017-07': 57.43, '2017-08': 99.45, '2017-09': 75.41, '2017-10': 74.47, '2017-11': 66.01, '2017-12': 39.76, '2018-01': 36.36, '2018-02': 54.56, '2018-03': 75.54, '2018-04': 34.15, '2018-05': 65.92, '2018-06': 62.56, '2018-07': 58.05, '2018-08': 62.71, '2018-09': 75.72, '2018-10': 54.16, '2018-11': 45.22, '2018-12': 51.54, '2019-01': 62.72, '2019-02': 37.79, '2019-03': 51.87, '2019-04': 50.78, '2019-05': 62.06, '2019-06': 58.85, '2019-07': 48.82, '2019-08': 42.49, '2019-09': 46.09, '2019-10': 48.62, '2019-11': 34.84, '2019-12': 39.31, '2020-01': 63.07, '2020-02': 48.02, '2020-03': 54.34, '2020-04': 72.03, '2020-05': 78.18, '2020-06': 47.19, '2020-07': 31.82, '2020-08': 43.39, '2020-09': 48.78, '2020-10': 54.04, '2020-11': 49.82, '2020-12': 54.86, '2021-01': 34.71, '2021-02': 55.73, '2021-03': 46.3, '2021-04': 35.56, '2021-05': 42.33, '2021-06': 48.75, '2021-07': 61.61, '2021-08': 34.05, '2021-09': 39.77, '2021-10': 40, '2021-11': 41.93, '2021-12': 38.81, '2022-01': 37.79, '2022-02': 46.43, '2022-03': 22.22, '2022-04': 45.5, '2022-05': 39.95, '2022-06': 46.61, '2022-07': 44.6, '2022-08': 43.58, '2022-09': 44.75, '2022-10': 59.1, '2022-11': 45.78, '2022-12': 31.08, '2023-01': 27.62, '2023-02': 29.24, '2023-03': 55.79, '2023-04': 42.37, '2023-05': 30, '2023-06': 28.73, '2023-07': 32.37, '2023-08': 55.74, '2023-09': 34.72, '2023-10': 43.17, '2023-11': 25.78, '2023-12': 27.17, '2024-01': 35.15, '2024-02': 67.05, '2024-03': 64.32, '2024-04': 42.47, '2024-05': 36.74, '2024-06': 51.52, '2024-07': 29.86, '2024-08': 27.09, '2024-09': 18.8, '2024-10': 23.22, '2024-11': 29.61, '2021-10-raw': 23.36, '2015Q3': 58.58, '2015Q4': 52.37, '2016Q1': 112.85, '2016Q2': 101.21, '2016Q3': 100.56, '2016Q4': 135.29, '2017Q1': 150.44, '2017Q2': 216.49, '2017Q3': 232.29, '2017Q4': 180.23, '2018Q1': 166.46, '2018Q2': 162.62, '2018Q3': 196.48, '2018Q4': 150.92, '2019Q1': 152.38, '2019Q2': 171.69, '2019Q3': 137.4, '2019Q4': 122.77, '2020Q1': 165.44, '2020Q2': 197.4, '2020Q3': 123.98, '2020Q4': 158.72, '2021Q1': 136.73, '2021Q2': 126.63, '2021Q3': 135.43, '2021Q4': 104.11, '2022Q1': 106.44, '2022Q2': 132.06, '2022Q3': 132.93, '2022Q4': 135.95, '2023Q1': 112.65, '2023Q2': 101.1, '2023Q3': 122.82, '2023Q4': 96.12, '2024Q1': 166.52, '2024Q2': 130.73, '2024Q3': 75.75, '2024Q4': 52.83}"
reactor/reactor-core,"{'2016': 373.56, '2017': 751.86, '2018': 672.72, '2019': 778.77, '2020': 863.18, '2021': 563.75, '2022': 645.78, '2023': 526.16, '2024': 452.51, '2016-01': 18.97, '2016-02': 20.14, '2016-03': 26.38, '2016-04': 37.97, '2016-05': 25.71, '2016-06': 26.37, '2016-07': 35, '2016-08': 30.89, '2016-09': 14.51, '2016-10': 51.27, '2016-11': 43.67, '2016-12': 42.67, '2017-01': 68.33, '2017-02': 47.65, '2017-03': 65.11, '2017-04': 76.51, '2017-05': 72.55, '2017-06': 61.72, '2017-07': 63.38, '2017-08': 62.87, '2017-09': 71.46, '2017-10': 51.29, '2017-11': 68.73, '2017-12': 42.24, '2018-01': 61.42, '2018-02': 85.15, '2018-03': 62.89, '2018-04': 31.8, '2018-05': 55.25, '2018-06': 52.72, '2018-07': 33.38, '2018-08': 55.25, '2018-09': 49.85, '2018-10': 69.42, '2018-11': 59.62, '2018-12': 55.96, '2019-01': 43.99, '2019-02': 66.44, '2019-03': 73.95, '2019-04': 60.25, '2019-05': 77.2, '2019-06': 68.82, '2019-07': 74.47, '2019-08': 64.28, '2019-09': 58.12, '2019-10': 54.59, '2019-11': 80.39, '2019-12': 56.26, '2020-01': 65.73, '2020-02': 56.55, '2020-03': 50.46, '2020-04': 70.59, '2020-05': 71.01, '2020-06': 115.03, '2020-07': 79.58, '2020-08': 65.79, '2020-09': 95.64, '2020-10': 65.62, '2020-11': 74.22, '2020-12': 52.97, '2021-01': 76.98, '2021-02': 78.31, '2021-03': 74.66, '2021-04': 41.51, '2021-05': 39.37, '2021-06': 39.31, '2021-07': 41.78, '2021-08': 24.18, '2021-09': 56.09, '2021-10': 44, '2021-11': 44.95, '2021-12': 30.62, '2022-01': 55.83, '2022-02': 39.6, '2022-03': 52.96, '2022-04': 52.66, '2022-05': 36.36, '2022-06': 51.48, '2022-07': 52.16, '2022-08': 75.18, '2022-09': 51.28, '2022-10': 78.51, '2022-11': 65.83, '2022-12': 33.94, '2023-01': 32.11, '2023-02': 46.9, '2023-03': 61.71, '2023-04': 35.51, '2023-05': 53.27, '2023-06': 57.59, '2023-07': 41.25, '2023-08': 33.12, '2023-09': 46.29, '2023-10': 45.67, '2023-11': 36.89, '2023-12': 35.84, '2024-01': 50.57, '2024-02': 49.75, '2024-03': 58.33, '2024-04': 42.33, '2024-05': 31.94, '2024-06': 28.26, '2024-07': 42.55, '2024-08': 42.24, '2024-09': 12.35, '2024-10': 28.22, '2024-11': 65.98, '2021-10-raw': 15.99, '2016Q1': 65.49, '2016Q2': 90.05, '2016Q3': 80.4, '2016Q4': 137.61, '2017Q1': 181.1, '2017Q2': 210.78, '2017Q3': 197.71, '2017Q4': 162.26, '2018Q1': 209.46, '2018Q2': 139.77, '2018Q3': 138.48, '2018Q4': 185, '2019Q1': 184.39, '2019Q2': 206.27, '2019Q3': 196.87, '2019Q4': 191.24, '2020Q1': 172.74, '2020Q2': 256.63, '2020Q3': 241.01, '2020Q4': 192.8, '2021Q1': 229.95, '2021Q2': 120.18, '2021Q3': 122.06, '2021Q4': 91.56, '2022Q1': 148.39, '2022Q2': 140.5, '2022Q3': 178.61, '2022Q4': 178.28, '2023Q1': 140.72, '2023Q2': 146.37, '2023Q3': 120.66, '2023Q4': 118.41, '2024Q1': 158.65, '2024Q2': 102.53, '2024Q3': 97.14, '2024Q4': 94.2}"
google/guava,"{'2015': 818.23, '2016': 866.76, '2017': 913.7, '2018': 832.88, '2019': 884.13, '2020': 838.48, '2021': 620.28, '2022': 584.28, '2023': 632.17, '2024': 558.33, '2015-01': 47, '2015-02': 57.41, '2015-03': 70.13, '2015-04': 58.43, '2015-05': 69.34, '2015-06': 67.97, '2015-07': 65.14, '2015-08': 64.96, '2015-09': 81.43, '2015-10': 86.23, '2015-11': 72.8, '2015-12': 77.4, '2016-01': 75.52, '2016-02': 57.92, '2016-03': 94.84, '2016-04': 68.94, '2016-05': 59.3, '2016-06': 53.51, '2016-07': 53.81, '2016-08': 48.66, '2016-09': 65.13, '2016-10': 74.79, '2016-11': 121.29, '2016-12': 93.05, '2017-01': 94.87, '2017-02': 61.33, '2017-03': 82.93, '2017-04': 78.33, '2017-05': 76.35, '2017-06': 62.83, '2017-07': 69.76, '2017-08': 98.16, '2017-09': 78.53, '2017-10': 95.62, '2017-11': 62.74, '2017-12': 52.25, '2018-01': 68.31, '2018-02': 47.86, '2018-03': 104.69, '2018-04': 68.54, '2018-05': 76.55, '2018-06': 65.72, '2018-07': 63.55, '2018-08': 79.17, '2018-09': 68.41, '2018-10': 66.37, '2018-11': 65.1, '2018-12': 58.6, '2019-01': 40.83, '2019-02': 45.02, '2019-03': 67.87, '2019-04': 54.07, '2019-05': 80.4, '2019-06': 64.9, '2019-07': 69.16, '2019-08': 92.31, '2019-09': 96.57, '2019-10': 102.19, '2019-11': 97.24, '2019-12': 73.57, '2020-01': 67.23, '2020-02': 58.27, '2020-03': 52.83, '2020-04': 102.55, '2020-05': 59.83, '2020-06': 61.49, '2020-07': 61.41, '2020-08': 40.13, '2020-09': 139.97, '2020-10': 79.49, '2020-11': 58.56, '2020-12': 56.71, '2021-01': 47.35, '2021-02': 65.2, '2021-03': 52.02, '2021-04': 72.95, '2021-05': 48.99, '2021-06': 62.78, '2021-07': 39.03, '2021-08': 49.83, '2021-09': 48.81, '2021-10': 52, '2021-11': 50.44, '2021-12': 63.43, '2022-01': 71.8, '2022-02': 44.83, '2022-03': 58.41, '2022-04': 47.78, '2022-05': 46.82, '2022-06': 48.06, '2022-07': 40.21, '2022-08': 44.63, '2022-09': 46.43, '2022-10': 73.54, '2022-11': 24, '2022-12': 37.77, '2023-01': 46.53, '2023-02': 39.48, '2023-03': 43.37, '2023-04': 64.62, '2023-05': 42.91, '2023-06': 99.67, '2023-07': 59.75, '2023-08': 42.31, '2023-09': 51.72, '2023-10': 56.4, '2023-11': 47, '2023-12': 38.41, '2024-01': 53.75, '2024-02': 62.07, '2024-03': 67.8, '2024-04': 52.54, '2024-05': 43.27, '2024-06': 34.29, '2024-07': 48.48, '2024-08': 43.39, '2024-09': 40.78, '2024-10': 71.2, '2024-11': 40.75, '2021-10-raw': 19.46, '2015Q1': 174.54, '2015Q2': 195.73, '2015Q3': 211.52, '2015Q4': 236.44, '2016Q1': 228.29, '2016Q2': 181.74, '2016Q3': 167.6, '2016Q4': 289.13, '2017Q1': 239.13, '2017Q2': 217.52, '2017Q3': 246.44, '2017Q4': 210.61, '2018Q1': 220.85, '2018Q2': 210.81, '2018Q3': 211.13, '2018Q4': 190.08, '2019Q1': 153.72, '2019Q2': 199.38, '2019Q3': 258.03, '2019Q4': 273, '2020Q1': 178.33, '2020Q2': 223.88, '2020Q3': 241.51, '2020Q4': 194.76, '2021Q1': 164.57, '2021Q2': 184.71, '2021Q3': 137.67, '2021Q4': 133.32, '2022Q1': 175.04, '2022Q2': 142.66, '2022Q3': 131.27, '2022Q4': 135.3, '2023Q1': 129.39, '2023Q2': 207.2, '2023Q3': 153.78, '2023Q4': 141.81, '2024Q1': 183.63, '2024Q2': 130.1, '2024Q3': 132.65, '2024Q4': 111.95}"
square/leakcanary,"{'2015': 760.31, '2016': 705.84, '2017': 584.86, '2018': 469.83, '2019': 653.14, '2020': 566.64, '2021': 375.85, '2022': 308.85, '2023': 226.11, '2024': 186.83, '2015-05': 235.03, '2015-06': 102.63, '2015-07': 82.15, '2015-08': 71.48, '2015-09': 68.66, '2015-10': 66.06, '2015-11': 65.73, '2015-12': 68.57, '2016-01': 136.22, '2016-02': 52.13, '2016-03': 86.95, '2016-04': 63.68, '2016-05': 55.64, '2016-06': 51.41, '2016-07': 49.73, '2016-08': 37.34, '2016-09': 67.82, '2016-10': 35.6, '2016-11': 42.13, '2016-12': 27.18, '2017-01': 33.22, '2017-02': 51.7, '2017-03': 56.38, '2017-04': 49.3, '2017-05': 57.57, '2017-06': 33.21, '2017-07': 38.62, '2017-08': 75.13, '2017-09': 81.09, '2017-10': 26.17, '2017-11': 47.1, '2017-12': 35.37, '2018-01': 33.44, '2018-02': 38.47, '2018-03': 42.02, '2018-04': 54.16, '2018-05': 25.52, '2018-06': 59.85, '2018-07': 44.18, '2018-08': 46.55, '2018-09': 34.16, '2018-10': 54.63, '2018-11': 24.61, '2018-12': 12.24, '2019-01': 38.07, '2019-02': 19.87, '2019-03': 43.72, '2019-04': 87.11, '2019-05': 64.88, '2019-06': 48.78, '2019-07': 55.87, '2019-08': 57.71, '2019-09': 64.68, '2019-10': 38.8, '2019-11': 79.23, '2019-12': 54.41, '2020-01': 48.36, '2020-02': 51.32, '2020-03': 37.58, '2020-04': 52.83, '2020-05': 70.79, '2020-06': 54.19, '2020-07': 25.98, '2020-08': 27.01, '2020-09': 57.72, '2020-10': 49.67, '2020-11': 22.79, '2020-12': 68.41, '2021-01': 39.04, '2021-02': 31.38, '2021-03': 40.11, '2021-04': 34.09, '2021-05': 44.03, '2021-06': 20.21, '2021-07': 15.92, '2021-08': 15.6, '2021-09': 40.73, '2021-10': 32, '2021-11': 17.45, '2021-12': 61.48, '2022-01': 63.63, '2022-02': 25.89, '2022-03': 13.25, '2022-04': 57.89, '2022-05': 20.97, '2022-06': 18.56, '2022-07': 21.04, '2022-08': 20.61, '2022-09': 19.19, '2022-10': 8.57, '2022-11': 29.15, '2022-12': 10.11, '2023-01': 19.49, '2023-02': 25.09, '2023-03': 26.73, '2023-04': 16.07, '2023-05': 31.77, '2023-06': 22, '2023-07': 18.4, '2023-08': 7.22, '2023-09': 11.65, '2023-10': 22.5, '2023-11': 16.09, '2023-12': 9.11, '2024-01': 33.57, '2024-02': 22.52, '2024-03': 13.02, '2024-04': 19.33, '2024-05': 32.57, '2024-06': 15.84, '2024-07': 4.03, '2024-08': 16.52, '2024-09': 11.76, '2024-10': 3.67, '2024-11': 14.01, '2021-10-raw': 15.8, '2015Q2': 337.66, '2015Q3': 222.3, '2015Q4': 200.35, '2016Q1': 275.3, '2016Q2': 170.74, '2016Q3': 154.89, '2016Q4': 104.9, '2017Q1': 141.3, '2017Q2': 140.08, '2017Q3': 194.84, '2017Q4': 108.64, '2018Q1': 113.94, '2018Q2': 139.53, '2018Q3': 124.88, '2018Q4': 91.48, '2019Q1': 101.67, '2019Q2': 200.77, '2019Q3': 178.26, '2019Q4': 172.45, '2020Q1': 137.26, '2020Q2': 177.81, '2020Q3': 110.71, '2020Q4': 140.87, '2021Q1': 110.54, '2021Q2': 98.33, '2021Q3': 72.25, '2021Q4': 94.73, '2022Q1': 102.77, '2022Q2': 97.42, '2022Q3': 60.84, '2022Q4': 47.83, '2023Q1': 71.31, '2023Q2': 69.84, '2023Q3': 37.26, '2023Q4': 47.7, '2024Q1': 69.11, '2024Q2': 67.75, '2024Q3': 32.3, '2024Q4': 17.68}"
google/auto,"{'2015': 367.95, '2016': 330.59, '2017': 373.4, '2018': 269.49, '2019': 276.66, '2020': 235.16, '2021': 279.71, '2022': 189.31, '2023': 234.29, '2024': 180.51, '2015-01': 35.61, '2015-02': 43.83, '2015-03': 33.12, '2015-04': 40.58, '2015-05': 34.84, '2015-06': 36.93, '2015-07': 13.94, '2015-08': 27.69, '2015-09': 36.39, '2015-10': 14.98, '2015-11': 29.52, '2015-12': 20.51, '2016-01': 15.9, '2016-02': 11.57, '2016-03': 31.1, '2016-04': 32.47, '2016-05': 30.33, '2016-06': 31.98, '2016-07': 34.71, '2016-08': 24.89, '2016-09': 33.09, '2016-10': 39.46, '2016-11': 14.48, '2016-12': 30.6, '2017-01': 19.37, '2017-02': 28.3, '2017-03': 65.34, '2017-04': 44.95, '2017-05': 29.41, '2017-06': 28.42, '2017-07': 16.48, '2017-08': 22.56, '2017-09': 24.44, '2017-10': 25.22, '2017-11': 34.7, '2017-12': 34.21, '2018-01': 31.94, '2018-02': 16.39, '2018-03': 36.34, '2018-04': 24.04, '2018-05': 25.47, '2018-06': 19.77, '2018-07': 20.56, '2018-08': 19.47, '2018-09': 20.95, '2018-10': 13.69, '2018-11': 26.08, '2018-12': 14.79, '2019-01': 12.44, '2019-02': 18.55, '2019-03': 27.96, '2019-04': 27.72, '2019-05': 32.4, '2019-06': 19.5, '2019-07': 5.81, '2019-08': 31.72, '2019-09': 17.31, '2019-10': 41.14, '2019-11': 23.53, '2019-12': 18.58, '2020-01': 11.99, '2020-02': 14.01, '2020-03': 20.95, '2020-04': 34.76, '2020-05': 24.31, '2020-06': 12.59, '2020-07': 16.32, '2020-08': 14, '2020-09': 17.62, '2020-10': 41.32, '2020-11': 9.97, '2020-12': 17.3, '2021-01': 34.22, '2021-02': 23.58, '2021-03': 35.67, '2021-04': 38.74, '2021-05': 22.18, '2021-06': 22.34, '2021-07': 18.44, '2021-08': 16.19, '2021-09': 14.74, '2021-10': 19, '2021-11': 23.59, '2021-12': 20.97, '2022-01': 17.28, '2022-02': 12.69, '2022-03': 20.13, '2022-04': 23.71, '2022-05': 20.58, '2022-06': 16.34, '2022-07': 7.29, '2022-08': 6.25, '2022-09': 19.65, '2022-10': 15.49, '2022-11': 13.37, '2022-12': 16.55, '2023-01': 18.59, '2023-02': 15.08, '2023-03': 21.97, '2023-04': 14.72, '2023-05': 27.82, '2023-06': 22.74, '2023-07': 8.89, '2023-08': 17.61, '2023-09': 18.61, '2023-10': 21.52, '2023-11': 21.23, '2023-12': 25.51, '2024-01': 24.01, '2024-02': 13.37, '2024-03': 14.95, '2024-04': 26.69, '2024-05': 20.31, '2024-06': 11.17, '2024-07': 10.25, '2024-08': 19.53, '2024-09': 13.13, '2024-10': 14.32, '2024-11': 12.78, '2021-10-raw': 9.04, '2015Q1': 112.56, '2015Q2': 112.35, '2015Q3': 78.02, '2015Q4': 65.02, '2016Q1': 58.57, '2016Q2': 94.78, '2016Q3': 92.69, '2016Q4': 84.55, '2017Q1': 113.01, '2017Q2': 102.78, '2017Q3': 63.47, '2017Q4': 94.13, '2018Q1': 84.68, '2018Q2': 69.28, '2018Q3': 60.97, '2018Q4': 54.56, '2019Q1': 58.95, '2019Q2': 79.63, '2019Q3': 54.84, '2019Q4': 83.25, '2020Q1': 46.95, '2020Q2': 71.67, '2020Q3': 47.94, '2020Q4': 68.6, '2021Q1': 93.47, '2021Q2': 83.25, '2021Q3': 49.38, '2021Q4': 53.6, '2022Q1': 50.1, '2022Q2': 60.62, '2022Q3': 33.19, '2022Q4': 45.4, '2023Q1': 55.64, '2023Q2': 65.28, '2023Q3': 45.11, '2023Q4': 68.26, '2024Q1': 52.33, '2024Q2': 58.18, '2024Q3': 42.91, '2024Q4': 27.1}"
